partitions,n_patterns,repeats,mean_time_s,std_time_s,time_per_pattern_s,total_matches,matches_per_second,speedup
1,360,3,9.613274590999936,0.2861571978981755,0.02670354053055538,912469,94917.60495994409,1.0
2,360,3,4.83005169966782,0.05130691450067103,0.013416810276855056,912469,188914.95510550204,1.9903046983246733
4,360,3,2.604190080334471,0.06234611793459789,0.007233861334262419,912469,350384.9457420583,3.6914642535483613
8,360,3,1.6507617526658578,0.04338010774470471,0.0045854493129607165,912469,552756.3250883601,5.823538481840405
16,360,3,1.5447944689998014,0.13086015100478013,0.004291095747221671,912469,590673.3991550285,6.223012047178149
