partitions,n_patterns,repeats,mean_time_s,std_time_s,time_per_pattern_s,total_matches,matches_per_second,speedup
1,360,3,8.867677893669073,0.03187073303543472,0.024632438593525204,912469,102898.30223213696,1.0
2,360,3,4.706090311335477,0.015484954576596035,0.013072473087042992,912469,193891.09422786723,1.884298283080045
4,360,3,2.425067519337366,0.015160065529082596,0.006736298664826016,912469,376265.39992145303,3.656672576313302
8,360,3,1.4764768233338448,0.06153918839898989,0.00410132450926068,912469,618004.282613573,6.0059716167071935
16,360,3,1.2716031753322266,0.022140690724035992,0.003532231042589518,912469,717573.7035743112,6.973620438901666
