partitions,n_patterns,repeats,mean_time_s,std_time_s,time_per_pattern_s,total_matches,matches_per_second,speedup
1,360,1,11.300297240999498,0.0,0.03138971455833194,912469,80747.34500694365,1.0
2,360,1,6.115971661001822,0.0,0.016988810169449507,912469,149194.44539259584,1.8476699807252641
