partitions,n_patterns,repeats,mean_time_s,std_time_s,time_per_pattern_s,total_matches,matches_per_second,speedup
1,360,3,9.025219550334441,0.008889540094455728,0.025070054306484558,912469,101102.138835635,1.0
2,360,3,4.712323877000017,0.026044060870499975,0.013089788547222269,912469,193634.61082409738,1.9152375316104377
4,360,3,2.5084222836655194,0.008276416099072474,0.006967839676848665,912469,363762.1169058596,3.597966582064494
8,360,3,1.62796277466623,0.04595324450106138,0.0045221188185173055,912469,560497.4598925195,5.543873416998014
16,360,3,1.3467765616672598,0.07104084127577544,0.003741046004631277,912469,677520.700887753,6.701348840791788
