partitions,n_patterns,repeats,mean_time_s,std_time_s,time_per_pattern_s,total_matches,matches_per_second,speedup
1,360,3,8.889613310006098,0.02670734390199406,0.024693370305572494,912469,102644.39725099517,1.0
2,360,3,4.654890768331825,0.026716989539329456,0.012930252134255069,912469,196023.719011349,1.9097361790923124
4,360,3,2.4550346023364304,0.019942433201904915,0.00681954056204564,912469,371672.56181709736,3.6209727152301427
8,360,3,1.481049330997242,0.038957756929678164,0.004114025919436783,912469,616096.2912596591,6.002239847082212
16,360,3,1.3038600703293923,0.049701781634352335,0.0036218335286927563,912469,699821.2620848833,6.8179197387035
