partitions,n_patterns,repeats,mean_time_s,std_time_s,time_per_pattern_s,total_matches,matches_per_second,speedup
1,360,3,12.24322038199989,0.1041945972561735,0.03400894550555525,912469,74528.51223208572,1.0
2,360,3,6.408941911666564,0.01339987020326034,0.017802616421296012,912469,142374.35953959584,1.910334116106257
4,360,3,3.3304976756668716,0.07915167024743969,0.009251382432407976,912469,273973.7687453256,3.6760933572933383
8,360,3,1.9466742136664834,0.12546519354641758,0.005407428371295787,912469,468732.25812212355,6.289301155810901
16,360,3,1.752339676666755,0.26491358555637884,0.004867610212963208,912469,520714.6834315078,6.986784893947363
