partitions,n_patterns,repeats,mean_time_s,std_time_s,time_per_pattern_s,total_matches,matches_per_second,speedup
1,360,3,8.947274162662021,0.050661354232672914,0.024853539340727836,912469,101982.90377731304,1.0
2,360,3,4.700972791334304,0.049877719091080915,0.0130582577537064,912469,194102.1657649307,1.9032814185087987
4,360,3,2.5159853823279263,0.023463751168308285,0.00698884828424424,912469,362668.64124454255,3.5561709640711494
8,360,3,1.5052582653346083,0.057715920013827283,0.004181272959262801,912469,606187.6695938053,5.944012644682675
16,360,3,1.4016564546715624,0.05374342713120163,0.003893490151865451,912469,650993.3279006022,6.383357443146477
