partitions,n_patterns,repeats,mean_time_s,std_time_s,time_per_pattern_s,total_matches,matches_per_second,speedup
1,360,3,8.915377265666999,0.030663275489979908,0.024764936849074996,912469,102347.77203584039,1.0
2,360,3,4.669814979327687,0.03721903584010177,0.012971708275910241,912469,195397.24893583858,1.9091499995467798
4,360,3,2.481202183669666,0.020696524712381762,0.006892228287971294,912469,367752.7796829802,3.593168394073099
8,360,3,1.5021071329974802,0.04456475315505503,0.004172519813881889,912469,607459.3349271651,5.935247273525832
16,360,3,1.2989417306671385,0.043025455263907025,0.0036081714740753847,912469,702471.0796929701,6.863569823942793
